"","study_id","ECOREGION"
"1","10.1080/12298093.2024.2360750",NA
"2","10.1093/jambio/lxae161",NA
"3","10.1016/j.scitotenv.2024.173975","semi-arid arid"
"4","10.1016/j.scitotenv.2024.173552",NA
"5","10.1002/ece3.11442","southern hemisphere"
"6","10.1007/s42770-024-01390-2",NA
"7","10.1007/s00572-024-01151-x",NA
"8","10.1080/15226514.2024.2353389",NA
"9","10.1016/j.heliyon.2024.e30484",NA
"10","10.1093/hr/uhae067",NA
"11","10.3389/fpls.2024.1364469",NA
"12","10.3389/fpls.2024.1385245",NA
"13","10.1186/s12870-024-05032-5",NA
"14","10.3389/fmicb.2024.1288865",NA
"15","10.1016/j.micres.2024.127708",NA
"16","10.1007/s00284-024-03662-4",NA
"17","10.1016/j.crmicr.2024.100229",NA
"18","10.1590/1519-6984.276160",NA
"19","10.1016/j.jenvman.2024.120673","terrestrial ecosystem"
"20","10.1016/j.jenvman.2024.120673"," terrestrial ecosystems"
"21","10.1093/treephys/tpae029",NA
"22","10.1007/s11356-024-32755-7",NA
"23","10.1007/s00572-024-01139-7",NA
"24","10.1111/ppl.14205",NA
"25","10.1016/j.ecoenv.2024.116157",NA
"26","10.1128/spectrum.03427-23",NA
"27","10.1080/15226514.2024.2315471",NA
"28","10.3389/fpls.2024.1303750",NA
"29","10.1016/j.heliyon.2024.e24820","arid regions"
"30","10.1016/j.scitotenv.2024.170417",NA
"31","10.3390/microorganisms12010075","this agroecosystem"
"32","10.1007/s11356-024-31870-9",NA
"33","10.1002/jobm.202300424",NA
"34","10.1007/s12298-023-01369-7",NA
"35","10.1007/s10123-023-00466-7",NA
"36","10.1111/nph.19493",NA
"37","10.3390/plants12244171",NA
"38","10.3390/plants12244088","mesoclimatic"
"39","10.3390/jof9121152",NA
"40","10.3390/plants12234012",NA
"41","10.1111/pce.14771",NA
"42","10.1016/j.jenvman.2023.119509",NA
"43","10.1016/j.envpol.2023.122841",NA
"44","10.1007/s10886-023-01455-w",NA
"45","10.3390/jof9100977",NA
"46","10.1007/s13205-023-03793-8",NA
"47","10.1093/treephys/tpad130",NA
"48","10.3390/plants12193426",NA
"49","10.1007/s00572-023-01126-4",NA
"50","10.1016/j.envres.2023.117219",NA
"51","10.1016/j.scitotenv.2023.167289",NA
"52","10.7717/peerj.15686",NA
"53","10.1016/j.ecoenv.2023.115458",NA
"54","10.3389/fpls.2023.1206047",NA
"55","10.3390/microorganisms11082012",NA
"56","10.3389/fpls.2023.1222557",NA
"57","10.3390/toxics11070582",NA
"58","10.1111/gcb.16886",NA
"59","10.1093/aob/mcad095","subtropical"
"60","10.1093/aob/mcad095"," subtropical"
"61","10.3389/fmicb.2023.1184070",NA
"62","10.1016/j.envpol.2023.122146",NA
"63","10.3390/jof9060684",NA
"64","10.3390/jof9060677",NA
"65","10.1016/j.scitotenv.2023.164970",NA
"66","10.3389/fmicb.2023.1131797",NA
"67","10.3389/fpls.2023.1134995","terrestrial ecosystems"
"68","10.3390/microorganisms11051144",NA
"69","10.3390/microorganisms11051113",NA
"70","10.3390/plants12112195",NA
"71","10.3390/life13051118",NA
"72","10.3390/jof9050540",NA
"73","10.3390/plants12091908","mediterranean climates"
"74","10.1093/treephys/tpad064",NA
"75","10.3390/jof9040479",NA
"76","10.3390/biology12040628",NA
"77","10.1186/s12284-023-00635-2",NA
"78","10.1016/j.ecoenv.2023.114776",NA
"79","10.1016/j.micres.2023.127350",NA
"80","10.3389/fpls.2023.1140467",NA
"81","10.3390/plants12051184",NA
"82","10.1186/s12870-023-04111-3",NA
"83","10.3389/fpls.2023.1101932",NA
"84","10.3390/plants12030547",NA
"85","10.1007/s00442-023-05329-6",NA
"86","10.3390/microorganisms11010050",NA
"87","10.1007/s00284-022-03145-4","semiarid"
"88","10.1007/s00284-022-03145-4"," semiarid saline"
"89","10.1016/j.scitotenv.2022.160616",NA
"90","10.1016/j.scitotenv.2022.160550",NA
"91","10.3390/microorganisms10112287",NA
"92","10.3389/fpls.2022.1022319",NA
"93","10.3389/fpls.2022.993301",NA
"94","10.1007/s11356-022-23919-4",NA
"95","10.1016/j.chemosphere.2022.137106",NA
"96","10.1007/s00248-022-02132-3","terrestrial ecosystems"
"97","10.3389/fpls.2022.1015947",NA
"98","10.3390/toxics10100574",NA
"99","10.3390/toxics10100565",NA
"100","10.1080/15592324.2022.2134676",NA
"101","10.1186/s12870-022-03790-8","semi-arid"
"102","10.3389/fpls.2022.968719",NA
"103","10.1186/s12864-022-08797-x","marginal lands"
"104","10.1016/j.envpol.2022.120309",NA
"105","10.3389/fmicb.2022.1006140",NA
"106","10.3390/plants11172276",NA
"107","10.3389/fpls.2022.965576",NA
"108","10.1007/s11356-022-22540-9",NA
"109","10.3389/fpls.2022.845794",NA
"110","10.3389/fpls.2022.947547",NA
"111","10.3389/fmicb.2022.827293",NA
"112","10.3390/plants11141860","boreal forest"
"113","10.1038/s41598-022-17075-5",NA
"114","10.1038/s41396-022-01293-w",NA
"115","10.1002/fes3.370",NA
"116","10.3390/plants11131780",NA
"117","10.3390/plants11131743",NA
"118","10.1016/j.envpol.2022.119661",NA
"119","10.3389/fpls.2022.898378",NA
"120","10.3389/fpls.2022.892826","palearctic region"
"121","10.3389/fpls.2022.898969",NA
"122","10.1016/j.plantsci.2022.111308",NA
"123","10.3389/fmicb.2022.881442",NA
"124","10.1016/j.jhazmat.2022.129077",NA
"125","10.3390/microorganisms10051042",NA
"126","10.3389/fpls.2022.880181",NA
"127","10.1007/s11356-022-19838-z",NA
"128","10.1080/15226514.2022.2071832",NA
"129","10.1371/journal.pone.0266526",NA
"130","10.3390/life12040497",NA
"131","10.1002/ps.6923",NA
"132","10.1186/s12870-022-03514-y",NA
"133","10.3390/plants11070861",NA
"134","10.3389/fmicb.2022.814323",NA
"135","10.7717/peerj.13080",NA
"136","10.3390/molecules27061752",NA
"137","10.1111/plb.13402",NA
"138","10.1007/s00203-022-02786-0",NA
"139","10.1016/j.scitotenv.2022.153696",NA
"140","10.3390/plants11010089","tropical subtropical regions"
"141","10.1007/s00248-021-01945-y","terrestrial plants"
"142","10.1007/s00572-021-01059-w",NA
"143","10.3390/plants10122716","semiarid areas"
"144","10.1007/s00284-021-02682-8",NA
"145","10.1038/s41598-021-03132-y","many tropical species"
"146","10.1002/eap.2501",NA
"147","10.1002/ppp3.10094","arable"
"148","10.1016/j.crmicr.2021.100061",NA
"149","10.1371/journal.pone.0259959","arid regions"
"150","10.1016/j.scitotenv.2021.151803",NA
"151","10.1007/s11356-021-17256-1",NA
"152","10.1016/j.scitotenv.2021.151649",NA
"153","10.1080/15226514.2021.2002809",NA
"154","10.1007/s00572-021-01057-y","tropical montane"
"155","10.3389/fpls.2021.740524",NA
"156","10.1016/j.sjbs.2021.08.016",NA
"157","10.3390/plants10091948",NA
"158","10.3390/microorganisms9091803",NA
"159","10.1038/s41598-021-97674-w",NA
"160","10.1016/j.scitotenv.2021.149904",NA
"161","10.3390/molecules26175321","marginal lands"
"162","10.1016/j.jhazmat.2021.125894",NA
"163","10.1016/j.scitotenv.2021.149843",NA
"164","10.1007/s00572-021-01048-z",NA
"165","10.1007/s00248-021-01841-5",NA
"166","10.1016/j.jenvman.2021.113516",NA
"167","10.1016/j.jtbi.2021.110859",NA
"168","10.1038/s41598-021-94092-w",NA
"169","10.3389/fpls.2021.693044","cities"
"170","10.1007/s11356-021-15326-y",NA
"171","10.1007/s00128-021-03329-x",NA
"172","10.3390/plants10071333",NA
"173","10.1007/s11356-021-15045-4",NA
"174","10.1002/jsfa.11382",NA
"175","10.1007/s11356-021-14821-6",NA
"176","10.3390/plants10050950",NA
"177","10.3390/jof7050361",NA
"178","10.1016/j.scitotenv.2021.147944",NA
"179","10.1016/j.scitotenv.2021.147943","mediterranean climate"
"180","10.13287/j.1001-9332.202105.022",NA
"181","10.1111/ppl.13454",NA
"182","10.1016/j.ecoenv.2021.112154",NA
"183","10.1007/s00572-021-01031-8",NA
"184","10.3389/fmicb.2021.618169",NA
"185","10.1186/s12870-021-02949-z","agro ecosystems"
"186","10.1007/s11356-021-13755-3",NA
"187","10.3389/fpls.2021.614162",NA
"188","10.1016/j.ecoenv.2021.112170",NA
"189","10.1007/s00572-021-01028-3",NA
"190","10.13227/j.hjkx.202008154",NA
"191","10.1038/s41598-021-85497-8",NA
"192","10.1016/j.ecoenv.2021.112072",NA
"193","10.1002/jeq2.20212","metropolitan areas"
"194","10.1002/jeq2.20212"," metropolitan area"
"195","10.3389/fpls.2021.617892",NA
"196","10.1007/s00248-021-01710-1",NA
"197","10.1007/s00128-021-03113-x",NA
"198","10.1016/j.ecoenv.2021.111996",NA
"199","10.1016/j.envpol.2021.116499",NA
"200","10.3389/fmicb.2020.586050",NA
"201","10.1016/j.sjbs.2020.09.053",NA
"202","10.1007/s11356-020-12131-x",NA
"203","10.3390/plants9121801",NA
"204","10.1111/jam.14951",NA
"205","10.3389/fpls.2020.516818",NA
"206","10.1016/j.envpol.2020.115980",NA
"207","10.1016/j.jhazmat.2020.124325",NA
"208","10.3390/microorganisms8111695",NA
"209","10.1007/s10646-020-02298-x",NA
"210","10.3390/ijms21217987",NA
"211","10.1007/s00572-020-00991-7",NA
"212","10.1016/j.ecoenv.2020.111495",NA
"213","10.1007/s11356-020-10636-z",NA
"214","10.1371/journal.pone.0234099",NA
"215","10.3390/plants9080975",NA
"216","10.1016/j.micres.2020.126556",NA
"217","10.1016/j.ecoenv.2020.110988",NA
"218","10.1016/j.jtemb.2020.126594",NA
"219","10.13227/j.hjkx.201906119",NA
"220","10.3390/plants9070804",NA
"221","10.1016/j.ecoenv.2020.110869",NA
"222","10.3390/jof6020087",NA
"223","10.3390/microorganisms8060899",NA
"224","10.1007/s00572-020-00962-y",NA
"225","10.1007/978-1-0716-0603-2_3",NA
"226","10.1007/s00572-020-00957-9",NA
"227","10.3390/microorganisms8040602",NA
"228","10.1186/s40529-020-00290-6",NA
"229","10.3390/jof6020044","terrestrial environments"
"230","10.1016/j.envpol.2020.114406",NA
"231","10.1016/j.ecoenv.2020.110485",NA
"232","10.3389/fpls.2020.00072",NA
"233","10.3390/microorganisms8030364",NA
"234","10.3390/ijms21051748",NA
"235","10.3390/microorganisms8030327",NA
"236","10.1080/15226514.2020.1725867",NA
"237","10.1038/s41598-020-59447-9",NA
"238","10.3390/microorganisms8020230",NA
"239","10.1007/s11356-020-07886-2",NA
"240","10.1007/s00442-020-04598-9",NA
"241","10.1007/s11356-020-07781-w",NA
"242","10.1016/j.scitotenv.2019.136294",NA
"243","10.1016/j.jenvman.2019.109982",NA
"244","10.1016/j.jhazmat.2019.121873",NA
"245","10.1007/s11356-019-07300-6",NA
"246","10.1007/s00572-019-00927-w",NA
"247","10.3390/microorganisms7120651",NA
"248","10.3389/fmicb.2019.02634",NA
"249","10.3389/fmicb.2019.02591",NA
"250","10.1007/s11356-019-06785-5",NA
"251","10.1007/s10661-019-7873-6",NA
"252","10.1002/jsfa.10166",NA
"253","10.1016/j.ecoenv.2019.109783",NA
"254","10.1038/s41598-019-51369-5",NA
"255","10.1038/s41598-019-50354-2",NA
"256","10.1016/j.chemosphere.2019.124710",NA
"257","10.1007/s00572-019-00914-1",NA
"258","10.3390/microorganisms7090289",NA
"259","10.1007/s42770-019-00125-y","semi-arid region"
"260","10.3389/fpls.2019.00843","semi-arid regions"
"261","10.1002/ecy.2855",NA
"262","10.3389/fpls.2019.00895",NA
"263","10.1016/j.ecoenv.2019.109476",NA
"264","10.1016/j.jenvman.2019.06.130",NA
"265","10.1016/j.jenvman.2019.06.123",NA
"266","10.1016/j.ecoenv.2019.109383",NA
"267","10.1016/j.chemosphere.2019.06.160",NA
"268","10.1016/j.jhazmat.2019.120813",NA
"269","10.1371/journal.pone.0218969",NA
"270","10.1007/s00572-019-00900-7",NA
"271","10.1111/nph.15993",NA
"272","10.1007/s00572-019-00898-y",NA
"273","10.1016/j.envpol.2019.03.060",NA
"274","10.1007/s11356-019-05323-7",NA
"275","10.3390/molecules24081603",NA
"276","10.1039/c8ra10442e",NA
"277","10.1007/s00572-019-00890-6",NA
"278","10.1016/j.chemosphere.2018.12.211",NA
"279","10.34133/2019/5893953",NA
"280","10.1007/s00572-019-00884-4",NA
"281","10.1371/journal.pone.0213672",NA
"282","10.3390/foods8030090",NA
"283","10.7717/peerj.6421",NA
"284","10.1007/s00572-019-00883-5",NA
"285","10.3389/fpls.2018.01906",NA
"286","10.1007/s11356-019-04256-5",NA
"287","10.1111/1758-2229.12729",NA
"288","10.1016/j.ecoenv.2018.12.097",NA
"289","10.1016/j.scitotenv.2018.11.317",NA
"290","10.1002/ajb2.1206",NA
"291","10.3389/fpls.2018.01611",NA
"292","10.3389/fpls.2018.01631",NA
"293","10.3389/fpls.2018.01605",NA
"294","10.1016/j.chemosphere.2018.11.085",NA
"295","10.13287/j.1001-9332.201809.034","semiarid regions"
"296","10.1016/j.ecoenv.2018.10.046",NA
"297","10.19540/j.cnki.cjcmm.20180528.004",NA
"298","10.1016/j.chemosphere.2018.09.143",NA
"299","10.1016/j.chemosphere.2018.08.147",NA
"300","10.1186/s12898-018-0197-5",NA
"301","10.1007/s12088-018-0749-6",NA
"302","10.1002/ecy.2502",NA
"303","10.3390/plants7030063","semi-arid lands"
"304","10.1016/j.plantsci.2018.05.015",NA
"305","10.3389/fpls.2018.01046",NA
"306","10.1007/s00572-018-0856-6",NA
"307","10.3390/ijms19082160",NA
"308","10.1007/s00572-018-0853-9","hyper-arid ecosystems"
"309","10.1007/s00572-018-0853-9"," semi-arid"
"310","10.13227/j.hjkx.201702041",NA
"311","10.1007/s00572-018-0844-x",NA
"312","10.1016/j.envpol.2018.06.003",NA
"313","10.1080/15226514.2018.1438358",NA
"314","10.1007/s00572-018-0839-7","terrestrial systems"
"315","10.1007/s00572-018-0839-7"," terrestrial plants"
"316","10.3389/fpls.2018.00607",NA
"317","10.1186/s12284-018-0226-1",NA
"318","10.1093/femsec/fiy092","mediterranean zones"
"319","10.1093/femsec/fiy092"," semiarid regions"
"320","10.1093/femsec/fiy092"," semiarid"
"321","10.1016/j.envpol.2018.04.138",NA
"322","10.1016/j.ecoenv.2018.03.073",NA
"323","10.7717/peerj.4425",NA
"324","10.1007/s00572-018-0826-z",NA
"325","10.1007/s11356-018-1533-1",NA
"326","10.3389/fpls.2018.00093",NA
"327","10.1016/j.scitotenv.2018.01.331",NA
"328","10.1590/0001-3765201820160189",NA
"329","10.1139/cjm-2017-0521",NA
"330","10.3389/fpls.2017.02236",NA
"331","10.1007/s00572-018-0823-2",NA
"332","10.1007/s00572-018-0819-y",NA
"333","10.7717/peerj.4183",NA
"334","10.1186/s13104-017-3105-8",NA
"335","10.1016/j.chemosphere.2017.12.025",NA
"336","10.3934/microbiol.2017.4.938",NA
"337","10.1016/j.scitotenv.2017.11.188",NA
"338","10.1007/s00572-017-0809-5",NA
"339","10.1007/s00425-017-2808-3",NA
"340","10.1016/j.scitotenv.2017.09.066",NA
"341","10.1016/j.bjm.2017.04.005",NA
"342","10.1016/j.ecoenv.2017.06.059",NA
"343","10.1016/j.jenvman.2017.06.036",NA
"344","10.1007/s11356-017-9463-x",NA
"345","10.3389/fpls.2017.00931",NA
"346","10.1039/c7mt00072c",NA
"347","10.1007/s00572-017-0778-8",NA
"348","10.1007/s00248-017-0999-6","tropical seasonal"
"349","10.1080/15226514.2017.1284751",NA
"350","10.1016/j.scitotenv.2017.05.047",NA
"351","10.3389/fpls.2017.00684",NA
"352","10.1007/s00572-017-0775-y",NA
"353","10.3389/fpls.2017.00517",NA
"354","10.1016/j.envpol.2017.03.058",NA
"355","10.1007/s00572-017-0768-x",NA
"356","10.1002/ecy.1793","tropical soils"
"357","10.1002/ecy.1793"," tropical montane"
"358","10.1002/ecy.1793"," tropical pre-montane"
"359","10.1002/ecy.1793"," tropical plants"
"360","10.1007/s11356-017-8649-6",NA
"361","10.1139/cjm-2016-0597",NA
"362","10.2134/jeq2016.04.0125",NA
"363","10.1016/j.plaphy.2017.01.001",NA
"364","10.1002/jsfa.8201","mediterranean regions"
"365","10.1016/j.scitotenv.2016.12.031",NA
"366","10.3389/fpls.2016.01901",NA
"367","10.1371/journal.pone.0167014",NA
"368","10.1016/j.bjm.2016.10.012",NA
"369","10.1007/s00442-016-3771-6",NA
"370","10.1080/15226514.2016.1244157",NA
"371","10.1016/j.chemosphere.2016.09.145",NA
"372","10.1002/ece3.2456",NA
"373","10.3389/fmicb.2016.01246",NA
"374","10.13277/j.hjkx.2016.08.049","terrestrial ecosystems"
"375","10.13277/j.hjkx.2016.08.049"," terrestrial environments"
"376","10.1080/15226514.2016.1207596",NA
"377","10.3389/fmicb.2016.01030",NA
"378","10.1080/15226514.2016.1207602",NA
"379","10.1016/j.ecoenv.2016.06.012",NA
"380","10.1186/s12862-016-0698-9",NA
"381","10.1007/s00572-016-0712-5",NA
"382","10.1007/s11356-016-6941-5",NA
"383","10.1007/s00248-016-0779-8",NA
"384","10.15517/rbt.v64i2.20289","semi-arid ecosystems"
"385","10.15517/rbt.v64i2.20289"," semi-arid"
"386","10.15517/rbt.v64i2.20289"," semi-arid locality"
"387","10.1016/j.crvi.2016.04.009",NA
"388",NA,NA
"389","10.1007/s00572-016-0699-y",NA
"390","10.1021/acs.jafc.6b00408",NA
"391",NA,NA
"392","10.1371/journal.pone.0153378",NA
"393","10.1093/aobpla/plw018","terrestrial plant"
"394","10.1007/s11356-016-6337-6",NA
"395","10.1371/journal.pone.0150181",NA
"396","10.1038/srep21805",NA
"397","10.1007/s00572-016-0687-2","mediterranean shrub"
"398","10.1038/srep20469",NA
"399","10.1093/jxb/erv561",NA
"400","10.1016/j.jplph.2015.11.007","semiarid ecosystems"
"401","10.3923/pjbs.2016.158.170",NA
"402","10.1371/journal.pone.0145793",NA
"403","10.1371/journal.pone.0145726",NA
"404","10.1080/15226514.2015.1131232",NA
"405","10.1007/s11356-015-5914-4",NA
"406",NA,NA
"407","10.1007/s00572-015-0670-3",NA
"408","10.1007/s00572-015-0666-z",NA
"409","10.3389/fpls.2015.00815","mediterranean area"
"410","10.1007/s00572-015-0659-y","tropical tree"
"411","10.1007/s11356-015-5094-2",NA
"412",NA,NA
"413","10.1111/pce.12600",NA
"414","10.1371/journal.pone.0128841",NA
"415","10.1016/j.chemosphere.2015.04.023",NA
"416","10.3390/jof1010055",NA
"417","10.1007/s00572-015-0638-3",NA
"418","10.3389/fmicb.2015.00203",NA
"419","10.1080/15226514.2014.989311",NA
"420","10.1007/s11356-014-3837-0",NA
"421","10.1016/j.scitotenv.2015.01.085",NA
"422","10.1038/srep08122",NA
"423","10.1016/j.ecoenv.2014.12.033",NA
"424","10.3389/fmicb.2014.00682",NA
"425","10.1080/15226514.2014.950408",NA
"426","10.1016/j.jplph.2014.08.019",NA
"427","10.1016/j.ecoenv.2014.09.019",NA
"428","10.1007/s00572-014-0613-4",NA
"429",NA,NA
"430",NA,"terrestrial ecosystems"
"431","10.1007/s10646-014-1368-6",NA
"432","10.5423/PPJ.OA.10.2012.0156",NA
"433","10.1016/j.jes.2014.07.013",NA
"434","10.1007/s00442-014-3091-7",NA
"435","10.1007/s10646-014-1331-6",NA
"436","10.1007/s00572-014-0600-9",NA
"437","10.1007/s11356-014-3396-4",NA
"438","10.1007/s00572-014-0596-1","semi-arid"
"439","10.1371/journal.pone.0101487",NA
"440","10.1016/j.scitotenv.2014.06.045",NA
"441","10.1080/15226514.2013.856852",NA
"442","10.1890/13-0025.1",NA
"443","10.1111/nph.12876",NA
"444","10.1007/s11356-014-2938-0",NA
"445","10.1007/s00284-014-0589-5",NA
"446","10.1007/s00572-014-0582-7","semiarid regions"
"447","10.1038/srep04671",NA
"448","10.1371/journal.pone.0093967",NA
"449",NA,NA
"450","10.1371/journal.pone.0090738","hilly area"
"451","10.1371/journal.pone.0090738"," semiarid"
"452","10.1371/journal.pone.0090738"," mediterranean environment"
"453","10.1016/j.jplph.2013.10.023",NA
"454","10.1007/s11356-014-2696-z",NA
"455","10.1007/s10646-014-1200-3",NA
"456","10.1007/s00572-014-0555-x",NA
"457","10.3732/ajb.1300262",NA
"458","10.1890/13-1821.1",NA
"459","10.1590/s1517-83822014000400007",NA
"460","10.1038/ismej.2013.224",NA
"461","10.1016/j.jplph.2013.10.011",NA
"462","10.1890/12-1943.1",NA
"463","10.3389/fpls.2013.00338",NA
"464",NA,NA
"465","10.1016/j.chemosphere.2013.07.089",NA
"466","10.1371/journal.pone.0070633","tropical"
"467","10.1093/aob/mct177",NA
"468","10.1016/j.jenvrad.2013.07.001",NA
"469","10.1016/j.chemosphere.2013.04.093",NA
"470",NA,NA
"471","10.1016/s1001-0742(12)60060-6",NA
"472","10.1111/nph.12273",NA
"473","10.1007/s00572-013-0494-y",NA
"474","10.1093/aob/mct062",NA
"475","10.1080/09593330.2012.689369",NA
"476","10.1080/15226514.2012.716099",NA
"477","10.1093/aob/mct035",NA
"478","10.1111/pce.12082",NA
"479","10.1890/11-1715.1",NA
"480","10.1371/journal.pone.0048669",NA
"481","10.1007/s00572-012-0460-0",NA
"482","10.1016/j.jhazmat.2012.08.020",NA
"483","10.1016/j.jenvrad.2012.08.004",NA
"484","10.1080/15226514.2011.619230",NA
"485","10.1039/c2em30333g",NA
"486","10.1007/s11274-011-0823-2",NA
"487","10.1016/j.jhazmat.2012.05.091",NA
"488","10.1007/s00572-012-0448-9",NA
"489","10.1016/j.jhazmat.2012.05.044",NA
"490","10.1007/s00572-012-0447-x",NA
"491","10.1007/s00572-012-0446-y",NA
"492","10.1890/11-1247.1",NA
"493","10.1016/j.envpol.2012.04.026",NA
"494","10.1111/j.1438-8677.2012.00581.x",NA
"495","10.1007/s11270-011-0915-5",NA
"496","10.1139/w11-140",NA
"497",NA,NA
"498",NA,NA
"499","10.1016/j.scitotenv.2011.10.053",NA
"500",NA,NA
"501","10.1080/15226514.2011.568546",NA
"502","10.1890/10-1915.1",NA
"503","10.1590/S1517-83822011000300004","semi-arid region"
"504","10.1007/s00572-011-0391-1",NA
"505","10.1186/1471-2229-11-98",NA
"506","10.1080/15226510903535056","semiarid mediterranean"
"507","10.1080/15226510903353104",NA
"508","10.1080/15226511003671353",NA
"509","10.1016/j.scitotenv.2011.04.029","semiarid"
"510","10.1016/j.ejsobi.2011.03.001",NA
"511","10.1007/s00572-011-0379-x",NA
"512","10.1007/s00572-011-0370-6",NA
"513","10.1007/s00572-011-0372-4",NA
"514","10.1016/j.jenvman.2011.02.015",NA
"515","10.1016/j.jplph.2010.12.019",NA
"516","10.1007/s12011-011-8973-5",NA
"517","10.1007/s00122-010-1501-8",NA
"518","10.1007/s00572-010-0360-0",NA
"519","10.1139/w10-096",NA
"520","10.1016/j.scitotenv.2010.12.019","semiarid soil"
"521","10.1016/j.scitotenv.2010.11.020","semi-arid"
"522",NA,NA
"523","10.1016/j.envpol.2010.11.035",NA
"524","10.1016/j.phytochem.2010.11.008",NA
"525","10.1007/s00572-010-0343-1",NA
"526","10.1016/j.envpol.2010.09.032",NA
"527","10.1007/s00572-010-0340-4",NA
"528","10.1016/j.jhazmat.2010.09.004",NA
"529","10.1093/aob/mcq170",NA
"530","10.1080/15226510903051740",NA
"531","10.1016/j.scitotenv.2010.07.064",NA
"532","10.1016/j.jenvman.2010.07.008","semi-arid soil"
"533","10.1007/s00253-010-2791-0",NA
"534","10.1016/j.jhazmat.2010.05.042",NA
"535","10.1016/j.plaphy.2010.04.002","semiarid coastal"
"536","10.1007/s00572-010-0311-9",NA
"537","10.1100/tsw.2010.59",NA
"538","10.1111/j.1469-8137.2009.03162.x",NA
"539","10.1002/jsfa.3871",NA
"540","10.1073/pnas.0906710107",NA
"541","10.1007/s00572-009-0296-4",NA
"542",NA,NA
"543",NA,NA
"544","10.1007/s00572-009-0294-6",NA
"545","10.1007/s00248-009-9618-5",NA
"546","10.1080/15226510902787310",NA
"547","10.1007/s00572-009-0279-5",NA
"548","10.1016/j.chemosphere.2009.08.050",NA
"549","10.1139/w09-031",NA
"550","10.1016/j.biortech.2009.07.010",NA
"551","10.1890/07-2080.1",NA
"552","10.1016/j.chemosphere.2009.05.025",NA
"553","10.1016/j.scitotenv.2009.05.021",NA
"554","10.1007/s00248-009-9544-6",NA
"555","10.1093/treephys/tpp038",NA
"556","10.1890/08-0419.1",NA
"557","10.1007/s00572-009-0241-6","tropical"
"558","10.1007/s00442-009-1312-2",NA
"559","10.1016/j.chemosphere.2009.02.008",NA
"560","10.1016/j.chemosphere.2009.01.046",NA
"561","10.1007/s00248-009-9489-9",NA
"562","10.1007/s00442-009-1294-0",NA
"563","10.1016/j.envpol.2008.12.030",NA
"564","10.1080/15226510802378483",NA
"565","10.1007/s00572-009-0230-9",NA
"566","10.1016/j.envpol.2008.12.022",NA
"567","10.1007/s00572-009-0228-3","mediterranean area"
"568","10.1007/s00442-008-1192-x",NA
"569","10.1890/07-1394.1",NA
"570","10.1139/w08-081",NA
"571","10.1007/s00572-008-0203-4","tropical dry"
"572","10.1016/s1001-0742(08)62121-x",NA
"573","10.1111/j.1574-6968.2008.01318.x",NA
"574","10.1016/j.ecoenv.2008.01.027",NA
"575","10.1007/s00572-008-0178-1",NA
"576","10.1016/j.chemosphere.2008.03.040",NA
"577","10.3852/mycologia.100.1.6",NA
"578","10.1890/07-0823.1",NA
"579","10.1016/j.scitotenv.2008.02.003",NA
"580","10.1016/j.envpol.2008.01.003",NA
"581","10.1055/s-2007-964963",NA
"582","10.1016/j.biortech.2007.11.059",NA
"583","10.1016/s1001-0742(07)60203-4",NA
"584","10.1016/j.jenvrad.2007.10.007",NA
"585","10.1016/j.envpol.2007.10.023",NA
"586","10.1111/j.1365-2672.2007.03296.x",NA
"587","10.1016/j.wasman.2007.05.008",NA
"588","10.1016/j.envpol.2007.04.005",NA
"589","10.1016/j.envpol.2007.04.002",NA
"590","10.1016/j.jenvrad.2007.04.001",NA
"591","10.1007/s10646-007-0149-x",NA
"592","10.2134/jeq2006.0260",NA
"593","10.1016/j.envpol.2007.03.015",NA
"594","10.1016/j.chemosphere.2007.02.068",NA
"595","10.3923/pjbs.2007.1491.1495",NA
"596","10.1007/s00248-007-9239-9",NA
"597",NA,NA
"598","10.1055/s-2006-955946",NA
"599",NA,NA
"600","10.1007/s00248-006-9078-0",NA
"601","10.1016/j.envpol.2006.08.005",NA
"602","10.1016/j.scitotenv.2006.07.008",NA
"603","10.1016/j.envpol.2006.06.029",NA
"604","10.1016/j.chemosphere.2006.07.007",NA
"605","10.1016/j.jhazmat.2006.05.012",NA
"606","10.2134/jeq2005.0271",NA
"607","10.1128/aem.63.11.4408-4412.1997",NA
"608","10.1007/s10653-005-9020-2",NA
"609","10.1016/j.chemosphere.2006.01.034",NA
"610","10.1111/j.1365-2672.2005.02804.x",NA
"611","10.1055/s-2005-872972",NA
"612","10.1007/s00572-005-0022-9","tropical pine"
"613","10.1007/s00572-005-0020-y",NA
"614","10.1111/j.1469-8137.2005.01490.x",NA
"615","10.1007/s00572-005-0018-5","subtropical site"
"616","10.1007/s00572-005-0018-5"," subtropical rain"
"617","10.1007/s00572-005-0018-5"," a tropical site"
"618","10.1017/s0953756205002832",NA
"619","10.1007/s00572-005-0003-z",NA
"620","10.1016/j.chemosphere.2005.01.038",NA
"621","10.1016/j.envpol.2005.05.009",NA
"622","10.1016/j.envpol.2005.05.005",NA
"623","10.1016/j.envint.2005.05.041",NA
"624","10.1016/j.chemosphere.2005.01.029","denticulate var k.striata"
"625","10.1016/j.jbiotec.2004.12.009",NA
"626","10.1016/j.scitotenv.2004.07.015",NA
"627","10.1016/j.chemosphere.2004.10.009",NA
"628","10.1007/s00248-003-0131-y","semiarid"
"629","10.1007/s00248-003-0131-y"," mediterranean area"
"630","10.1007/s00442-004-1777-y",NA
"631","10.1007/s00572-004-0321-6",NA
"632","10.1016/j.envpol.2004.02.015",NA
"633","10.1007/s00572-004-0312-7",NA
"634","10.1128/AEM.70.5.2692-2701.2004","arable"
"635","10.1016/S0960-8524(03)00198-6",NA
"636","10.1046/j.1469-8137.2003.00938.x",NA
"637","10.1007/s00572-003-0289-7",NA
"638","10.2134/jeq2003.2001",NA
"639","10.1139/w03-073",NA
"640","10.1007/s00572-003-0281-2",NA
"641","10.1007/s00572-003-0224-y","arboreal ecosystems"
"642","10.1007/s00572-003-0224-y"," tropical"
"643","10.1007/s00572-003-0274-1",NA
"644","10.1007/s00572-003-0265-2","semiarid areas"
"645","10.1007/s00572-002-0213-6","south"
"646","10.1016/s0269-7491(03)00195-7",NA
"647","10.1046/j.1469-8137.2003.00688.x",NA
"648","10.1007/s00267-002-2879-0",NA
"649","10.1093/treephys/23.3.157",NA
"650","10.1016/s0045-6535(02)00323-5",NA
"651","10.1007/s00442-002-1022-5",NA
"652","10.1007/s00572-001-0147-4",NA
"653","10.1093/jexbot/53.371.1207",NA
"654","10.1093/jexbot/53.371.1177",NA
"655","10.1007/s00572-001-0140-y",NA
"656","10.3732/ajb.89.2.337",NA
"657","10.1046/j.0028-646X.2001.00265.x",NA
"658","10.1078/0944-5013-00095",NA
"659","10.1007/s005720100122",NA
"660","10.1093/jexbot/51.347.1117",NA
"661","10.1046/j.1469-8137.1999.00471.x",NA
"662","10.1007/s004420050685",NA
"663",NA,NA
"664","10.1007/s005720050190",NA
"665","10.1046/j.1469-8137.1997.00786.x","mediterranean ecosystem"
"666","10.1046/j.1469-8137.1997.00786.x"," desertified semi-arid"
"667",NA,NA
"668",NA,NA
"669","10.1016/0269-7491(95)00081-x",NA
"670","10.1016/0269-7491(95)93444-5",NA
"671","10.1016/0269-7491(94)90188-0",NA
"672","10.1104/pp.101.3.1063",NA
"673","10.1007/BF00317489",NA
"674","10.1007/BF01225356","tropical forestry"
"675","10.1111/j.1469-8137.1990.tb00376.x",NA
"676",NA,NA
